{"name":"t:sections.footer.name","type":"footer","sections":{"footer":{"type":"footer","blocks":{"text_9AnUTq":{"type":"text","settings":{"heading":"<strong>Institucional<\/strong>","subtext":"<p><a href=\"\/policies\/terms-of-service\" title=\"Terms of Service\"><strong>Términos de servicio<\/strong><\/a><\/p><p><a href=\"\/policies\/refund-policy\" title=\"Refund Policy\"><strong>Política de reembolso<\/strong><\/a><\/p><p><a href=\"\/policies\/privacy-policy\" title=\"Privacy Policy\"><strong>Política de Privacidad<\/strong><\/a><\/p><p><a href=\"\/policies\/shipping-policy\" title=\"Shipping Policy\"><strong>Política de envío<\/strong><\/a><\/p>"}},"text_nPy9WE":{"type":"text","settings":{"heading":"<strong>Contacto<\/strong>","subtext":"<p><strong>Correo eletrónico: <\/strong>info@megaproductos.shop<\/p>"}}},"block_order":["text_9AnUTq","text_nPy9WE"],"settings":{"color_scheme":"scheme-4","newsletter_enable":false,"newsletter_heading":"Subscribe to our emails","enable_follow_on_shop":true,"show_social":true,"enable_country_selector":false,"enable_language_selector":true,"payment_enable":true,"show_policy":true,"margin_top":0,"padding_top":36,"padding_bottom":36}}},"order":["footer"]}