{"sections":{"image_banner":{"type":"image-banner","blocks":{"button":{"type":"buttons","disabled":true,"settings":{"button_label_1":"E","button_link_1":"shopify:\/\/collections\/jardineria","button_style_secondary_1":true,"button_label_2":"","button_link_2":"","button_style_secondary_2":false}},"heading":{"type":"heading","settings":{"heading":"","heading_size":"h1"}},"text_NdbpdE":{"type":"text","settings":{"text":"","text_style":"body"}}},"block_order":["button","heading","text_NdbpdE"],"settings":{"image":"shopify:\/\/shop_images\/megaproducstos_novedosos.webp","image_overlay_opacity":0,"image_height":"adapt","desktop_content_position":"top-right","show_text_box":false,"desktop_content_alignment":"center","color_scheme":"scheme-3","image_behavior":"none","mobile_content_alignment":"center","stack_images_on_mobile":false,"show_text_below":false}},"featured_collection":{"type":"featured-collection","settings":{"title":"Nuestros más vendidos","heading_size":"h2","description":"","show_description":false,"description_style":"body","collection":"all","products_to_show":8,"columns_desktop":4,"full_width":false,"show_view_all":true,"view_all_style":"solid","enable_desktop_slider":false,"color_scheme":"scheme-1","image_ratio":"adapt","image_shape":"default","show_secondary_image":true,"show_vendor":false,"show_rating":false,"quick_add":"none","columns_mobile":"2","swipe_on_mobile":false,"padding_top":44,"padding_bottom":36}},"multicolumn_WJbRWa":{"type":"multicolumn","blocks":{"column_7iMPmG":{"type":"column","settings":{"image":"shopify:\/\/shop_images\/delivery_1.webp","title":"<strong>Entrega Garantizada<\/strong>","text":"<p>Envío inmediato después del pago<\/p>","link_label":"","link":""}},"column_MALnUC":{"type":"column","settings":{"image":"shopify:\/\/shop_images\/payment_1.webp","title":"<strong>Pago Seguro<\/strong>","text":"<p>Paga tu pedido de forma segura cuando lo recibas<\/p>","link_label":"","link":""}},"column_JQwi8H":{"type":"column","settings":{"image":"shopify:\/\/shop_images\/customers_1.webp","title":"<strong>Cliente Satisfecho<\/strong>","text":"<p>¡Garantía de compra o te devolvemos tu dinero!<\/p>","link_label":"","link":""}},"column_pYpWEV":{"type":"column","settings":{"image":"shopify:\/\/shop_images\/moneyback_1.webp","title":"<strong>Atención al Cliente<\/strong>","text":"<p>Servicio de lunes a sábado 9:00 am a 6:00 pm<\/p>","link_label":"","link":""}}},"block_order":["column_7iMPmG","column_MALnUC","column_JQwi8H","column_pYpWEV"],"name":"t:sections.multicolumn.presets.name","settings":{"title":"","heading_size":"h0","image_width":"third","image_ratio":"adapt","columns_desktop":4,"column_alignment":"left","background_style":"primary","button_label":"","button_link":"","color_scheme":"","columns_mobile":"1","swipe_on_mobile":true,"padding_top":36,"padding_bottom":36}},"collection_list_ktL4D7":{"type":"collection-list","blocks":{"featured_collection_8d4tTG":{"type":"featured_collection","settings":{"collection":"electricodomesticos"}},"featured_collection_dLjXED":{"type":"featured_collection","settings":{"collection":"cocina"}},"featured_collection_RHVtXN":{"type":"featured_collection","settings":{"collection":"organizacion"}},"featured_collection_T7MmrH":{"type":"featured_collection","settings":{"collection":"relojes"}},"featured_collection_rUgL6w":{"type":"featured_collection","settings":{"collection":"zapatos"}},"featured_collection_AamW4e":{"type":"featured_collection","settings":{"collection":"jardineria"}}},"block_order":["featured_collection_8d4tTG","featured_collection_dLjXED","featured_collection_RHVtXN","featured_collection_T7MmrH","featured_collection_rUgL6w","featured_collection_AamW4e"],"name":"t:sections.collection-list.presets.name","settings":{"title":"Colecciones","heading_size":"h1","image_ratio":"square","columns_desktop":6,"color_scheme":"","show_view_all":false,"columns_mobile":"1","swipe_on_mobile":true,"padding_top":36,"padding_bottom":36}},"rich_text_mcrPkc":{"type":"rich-text","blocks":{"heading_PWKkAz":{"type":"heading","settings":{"heading":"Disfruta de nuestras ofertas por tiempo limitado","heading_size":"h1"}},"text_zkULyJ":{"type":"text","settings":{"text":"<p>Hasta un <strong>30% de descuento<\/strong> en productos seleccionados<\/p>"}},"button_t7CyjM":{"type":"button","settings":{"button_label":"Consultar Ofertas","button_link":"shopify:\/\/collections\/all","button_style_secondary":false,"button_label_2":"","button_link_2":"","button_style_secondary_2":false}}},"block_order":["heading_PWKkAz","text_zkULyJ","button_t7CyjM"],"settings":{"desktop_content_position":"center","content_alignment":"center","color_scheme":"scheme-3","full_width":true,"padding_top":40,"padding_bottom":52}},"multicolumn_Ka8Ctz":{"type":"multicolumn","blocks":{"column_ttqTrg":{"type":"column","settings":{"image":"shopify:\/\/shop_images\/megaproductos_contraentrega.png","title":"Columna","text":"<p>Vincula un texto con una imagen para atraer la atención hacia tu producto, colección o artículo de blog seleccionados. Agrega detalles sobre disponibilidad y estilo, o incluso ofrece una reseña.<\/p>","link_label":"","link":""}},"column_T3T7Cq":{"type":"column","settings":{"title":"Columna","text":"<p>Vincula un texto con una imagen para atraer la atención hacia tu producto, colección o artículo de blog seleccionados. Agrega detalles sobre disponibilidad y estilo, o incluso ofrece una reseña.<\/p>","link_label":"","link":""}},"column_TGbnFg":{"type":"column","settings":{"title":"Columna","text":"<p>Vincula un texto con una imagen para atraer la atención hacia tu producto, colección o artículo de blog seleccionados. Agrega detalles sobre disponibilidad y estilo, o incluso ofrece una reseña.<\/p>","link_label":"","link":""}}},"block_order":["column_ttqTrg","column_T3T7Cq","column_TGbnFg"],"disabled":true,"settings":{"title":"Garantías","heading_size":"h1","image_width":"full","image_ratio":"adapt","columns_desktop":3,"column_alignment":"left","background_style":"primary","button_label":"Etiqueta de botón","button_link":"","color_scheme":"","columns_mobile":"1","swipe_on_mobile":false,"padding_top":36,"padding_bottom":36}},"collapsible_content_nGQUnB":{"type":"collapsible-content","blocks":{"collapsible_row_34jkVq":{"type":"collapsible_row","settings":{"heading":"¿Qué métodos de pago aceptan?","icon":"none","row_content":"<p><strong>Solo aceptamos pago en efectivo al momento de recibir tu pedido.<\/strong><\/p>","page":""}},"collapsible_row_DRgrzz":{"type":"collapsible_row","settings":{"heading":"¿Puedo pagar con tarjeta de crédito o débito?","icon":"none","row_content":"<p>Lamentablemente por el momento no contamos con esos método de pago, pero pronto tendremos más actualizaciones para ti.<\/p>","page":""}},"collapsible_row_tkqrDd":{"type":"collapsible_row","settings":{"heading":"¿Hay algún costo adicional por el servicio de contra entrega?","icon":"none","row_content":"","page":""}},"collapsible_row_rkKaVa":{"type":"collapsible_row","settings":{"heading":"¿Qué debo hacer si no estoy en casa cuando se entrega el producto?","icon":"none","row_content":"<p>No se preocupe, el día en que se realizará la entrega, recibirá una llamada o mensaje por parte del repartidor que llevará a cabo la entrega. Si no puede recibir ese día, se realizará otro intento.<\/p>","page":""}},"collapsible_row_byWE4D":{"type":"collapsible_row","settings":{"heading":"¿Todos los productos vienen con garantía?","icon":"none","row_content":"<p>Si, todos nuestros productos tienen garantía de satisfacción por defectos de fábrica.<\/p>","page":""}},"collapsible_row_MHJ8cq":{"type":"collapsible_row","settings":{"heading":"Si no estoy satisfecho con mi compra, ¿puedo devolverla?","icon":"none","row_content":"<p>Si, debes comunicarse por nuestro E-mail para ayudarte a gestionar tu garantía.<\/p>","page":""}},"collapsible_row_RjHMdy":{"type":"collapsible_row","settings":{"heading":"¿Cuánto tiempo tarda generalmente la entrega?","icon":"none","row_content":"<p>El tiempo de entrega promedio es de 2 a 7 días útiles, dependiendo de la ciudad de la que nos haces tu pedido.<\/p>","page":""}},"collapsible_row_VaYae7":{"type":"collapsible_row","settings":{"heading":"¿Puedo rastrear mi pedido en tiempo real?","icon":"none","row_content":"<p>Si, enviaremos un código de seguimiento de tu pedido al correo una vez enviado tu pedido.<\/p>","page":""}},"collapsible_row_WPUwf7":{"type":"collapsible_row","settings":{"heading":"¿Qué pasa si mi pedido llega fuera del plazo estipulado?","icon":"none","row_content":"<p>Puede escribirnos a nuestro E-mail y te ayudaremos a gestionar tu pedido.<\/p>","page":""}}},"block_order":["collapsible_row_34jkVq","collapsible_row_DRgrzz","collapsible_row_tkqrDd","collapsible_row_rkKaVa","collapsible_row_byWE4D","collapsible_row_MHJ8cq","collapsible_row_RjHMdy","collapsible_row_VaYae7","collapsible_row_WPUwf7"],"settings":{"caption":"","heading":"<strong>Preguntas frecuentes<\/strong>","heading_size":"h1","heading_alignment":"center","layout":"none","color_scheme":"","container_color_scheme":"","open_first_collapsible_row":false,"image_ratio":"adapt","desktop_layout":"image_second","padding_top":36,"padding_bottom":36}}},"order":["image_banner","featured_collection","multicolumn_WJbRWa","collection_list_ktL4D7","rich_text_mcrPkc","multicolumn_Ka8Ctz","collapsible_content_nGQUnB"]}