{"sections":{"main":{"type":"main-product","blocks":{"vendor":{"type":"text","settings":{"text":"{{ product.vendor }}⭐⭐⭐⭐⭐ +4000 clientes satisfechos","text_style":"uppercase"}},"title":{"type":"title","settings":{}},"text_TFXTdb":{"type":"text","settings":{"text":"✅ <strong>Silencio que impresiona<\/strong>","text_style":"body"}},"text_fbyPKt":{"type":"text","settings":{"text":"✅ <strong>Calidad garantizada siempre<\/strong>","text_style":"body"}},"text_wJND8i":{"type":"text","settings":{"text":"✅ <strong>Ergonomía que cuida<\/strong>","text_style":"body"}},"text_xRAVmG":{"type":"text","settings":{"text":"✅ <strong>Rendimiento incomparable garantizado<\/strong>","text_style":"body"}},"text_xaNQAC":{"type":"text","settings":{"text":"✅ <strong>Fuerza en acción<\/strong>","text_style":"body"}},"price":{"type":"price","settings":{}},"variant_picker":{"type":"variant_picker","settings":{"picker_type":"button","swatch_shape":"circle"}},"quantity_selector":{"type":"quantity_selector","settings":{}},"icon_with_text_dnEgR4":{"type":"icon-with-text","settings":{"layout":"vertical","icon_1":"none","heading_1":"Ha superado todas mis expectativas. Su potencia y precisión hacen que mis proyectos sean mucho más rápidos y fáciles. ¡Una herramienta imprescindible                 ⭐⭐⭐⭐⭐- <strong>Javier R., Valparaiso.<\/strong>","icon_2":"none","heading_2":"","icon_3":"none","heading_3":""}},"buy_buttons":{"type":"buy_buttons","disabled":true,"settings":{"show_dynamic_checkout":true,"show_gift_card_recipient":true}},"description":{"type":"description","settings":{}},"rating_hckycM":{"type":"rating","settings":{}},"share":{"type":"share","disabled":true,"settings":{"share_label":"Share"}}},"block_order":["vendor","title","text_TFXTdb","text_fbyPKt","text_wJND8i","text_xRAVmG","text_xaNQAC","price","variant_picker","quantity_selector","icon_with_text_dnEgR4","buy_buttons","description","rating_hckycM","share"],"settings":{"enable_sticky_info":true,"color_scheme":"scheme-1","media_size":"medium","constrain_to_viewport":true,"media_fit":"contain","gallery_layout":"stacked","media_position":"left","image_zoom":"lightbox","mobile_thumbnails":"hide","hide_variants":true,"enable_video_looping":false,"padding_top":36,"padding_bottom":12}},"multicolumn_rBYpqP":{"type":"multicolumn","blocks":{"column_PTtFPt":{"type":"column","settings":{"image":"shopify:\/\/shop_images\/1811000053_-_Copia.webp","title":"- <strong>J. Pablo, Temuco.<\/strong>","text":"<p>⭐⭐⭐⭐<\/p><p>La uso incluso para trabajos de bricolaje en casa. Muy versátil. La recomiendo<\/p>","link_label":"","link":""}},"column_qcEjkn":{"type":"column","settings":{"image":"shopify:\/\/shop_images\/Herramienta_indispensable_para_mantener_el_jardin_limpio_y_ordenado..webp","title":"<strong>Carmen, Nuble.      <\/strong>⭐⭐⭐⭐⭐","text":"<p>El precio es justo para lo que ofrece. Muy recomendable. Me gustó<\/p>","link_label":"","link":""}},"column_U3JqCA":{"type":"column","settings":{"title":"<strong>Javier F<\/strong>.<strong>, La Serena.<\/strong> ⭐⭐⭐⭐⭐","text":"<p>Ligera y muy segura. Mi mamá también la usa sin problemas.<\/p>","link_label":"","link":""}},"column_CBLJ93":{"type":"column","settings":{"title":"<strong>Pedro<\/strong>, <strong>Santiago.                <\/strong>⭐⭐⭐⭐⭐","text":"<p>La tienda entregó antes de lo que esperaba! Es excelente y parece bien duradera. Se nota que es de buena calidad<\/p>","link_label":"","link":""}},"column_ExAG6q":{"type":"column","settings":{"image":"shopify:\/\/shop_images\/Perfecta_para_cortes_ligeros_y_rapidos_ideal_para_principiantes.webp","title":"<strong>Rodrigo Antofagasta.<\/strong>          ⭐⭐⭐⭐⭐","text":"<p>No hace tanto ruido como esperaba, lo cual es un punto a favor.<\/p>","link_label":"","link":""}},"column_6LFMCb":{"type":"column","settings":{"image":"shopify:\/\/shop_images\/Imagen_de_la_mini_motosierra_con_diseno_portatil_lista_para_usar.webp","title":"<strong>Héctor, Puerto Montt.                                          <\/strong>⭐⭐⭐⭐⭐","text":"<p>Mi esposa la usa más que yo, le encanta lo práctica que es<\/p>","link_label":"","link":""}},"column_YdJ7Ke":{"type":"column","settings":{"title":"<strong>Óscar, Santiago.                                          <\/strong>⭐⭐⭐⭐⭐","text":"<p>No pensé que pudiera cortar madera dura, pero lo hizo sin problemas.<\/p>","link_label":"","link":""}},"column_hck7kL":{"type":"column","settings":{"title":"<strong>Felipe, Valparaíso.                                          <\/strong>⭐⭐⭐⭐⭐","text":"<p>Llegó rápido y lista para usar. Me encanta.. Buena compra<\/p>","link_label":"","link":""}},"column_b4hGRh":{"type":"column","settings":{"title":"<strong>Lourdes, Santiago.                                          <\/strong>⭐⭐⭐⭐⭐","text":"<p>Perfecta para cortar ramas de grosor medio. Muy satisfecha.<\/p>","link_label":"","link":""}},"column_VECrPX":{"type":"column","settings":{"title":"<strong>Miguel C., Santiago.                                          <\/strong>⭐⭐⭐⭐⭐","text":"<p>Es muy útil para el jardín. Ahora lo tengo siempre limpio y ordenado<\/p>","link_label":"","link":""}}},"block_order":["column_PTtFPt","column_qcEjkn","column_U3JqCA","column_CBLJ93","column_ExAG6q","column_6LFMCb","column_YdJ7Ke","column_hck7kL","column_b4hGRh","column_VECrPX"],"disabled":true,"settings":{"title":"Reseñas de Clientes","heading_size":"h1","image_width":"full","image_ratio":"adapt","columns_desktop":3,"column_alignment":"left","background_style":"primary","button_label":"Ver Más","button_link":"","color_scheme":"","columns_mobile":"1","swipe_on_mobile":false,"padding_top":36,"padding_bottom":36}},"related-products":{"type":"related-products","settings":{"heading":"También le puede interesar","heading_size":"h2","products_to_show":4,"columns_desktop":4,"color_scheme":"scheme-1","image_ratio":"square","image_shape":"default","show_secondary_image":true,"show_vendor":false,"show_rating":false,"columns_mobile":"2","padding_top":36,"padding_bottom":28}}},"order":["main","multicolumn_rBYpqP","related-products"]}