{"sections":{"main":{"type":"main-product","blocks":{"vendor":{"type":"text","settings":{"text":"{{ product.vendor }}⭐⭐⭐⭐⭐ +4000 clientes satisfechos","text_style":"uppercase"}},"title":{"type":"title","settings":{}},"text_TFXTdb":{"type":"text","settings":{"text":"✅ <strong>Taladro inalámbrico potente<\/strong>","text_style":"body"}},"text_fbyPKt":{"type":"text","settings":{"text":"✅ <strong>Juego de dados de regalo<\/strong>","text_style":"body"}},"text_wJND8i":{"type":"text","settings":{"text":"✅ <strong>Set completo y portátil<\/strong>","text_style":"body"}},"text_xRAVmG":{"type":"text","settings":{"text":"✅<strong> Batería doble recargable<\/strong>","text_style":"body"}},"text_4UT6Hb":{"type":"text","settings":{"text":"✅<strong>¡Stock limitado, no esperes!<\/strong>","text_style":"body"}},"price":{"type":"price","settings":{}},"variant_picker":{"type":"variant_picker","settings":{"picker_type":"button","swatch_shape":"circle"}},"quantity_selector":{"type":"quantity_selector","settings":{}},"icon_with_text_dnEgR4":{"type":"icon-with-text","settings":{"layout":"vertical","icon_1":"none","heading_1":"Excelente taladro, muy potente y fácil de usar. Además, el juego de dados que vino de regalo es súper útil para mis proyectos. Totalmente recomendado                  ⭐⭐⭐⭐⭐- <strong>Juan A., Santiago de Chile<\/strong>","icon_2":"none","heading_2":"","icon_3":"none","heading_3":""}},"buy_buttons":{"type":"buy_buttons","disabled":true,"settings":{"show_dynamic_checkout":true,"show_gift_card_recipient":true}},"description":{"type":"description","settings":{}},"rating_hckycM":{"type":"rating","settings":{}},"share":{"type":"share","disabled":true,"settings":{"share_label":"Share"}}},"block_order":["vendor","title","text_TFXTdb","text_fbyPKt","text_wJND8i","text_xRAVmG","text_4UT6Hb","price","variant_picker","quantity_selector","icon_with_text_dnEgR4","buy_buttons","description","rating_hckycM","share"],"settings":{"enable_sticky_info":true,"color_scheme":"scheme-1","media_size":"medium","constrain_to_viewport":true,"media_fit":"contain","gallery_layout":"stacked","media_position":"left","image_zoom":"lightbox","mobile_thumbnails":"hide","hide_variants":true,"enable_video_looping":false,"padding_top":36,"padding_bottom":12}},"multicolumn_rBYpqP":{"type":"multicolumn","blocks":{"column_PTtFPt":{"type":"column","settings":{"image":"shopify:\/\/shop_images\/juego_herramientas.webp","title":"María López, Valparaíso","text":"<p>⭐⭐⭐⭐⭐<\/p><p>Es increíble! Compré el taladro para pequeños arreglos en casa, pero mi esposo también lo usa para todo. Muy potente y fácil de manejar. El juego de dados de regalo fue un detalle perfecto. <\/p>","link_label":"","link":""}},"column_qcEjkn":{"type":"column","settings":{"title":"<strong>Mario Ávila, Antofagasta    <\/strong>⭐⭐⭐⭐⭐","text":"<p>Me llegó más rápido de lo que pensé, y el regalo del juego de dados fue un plus que no esperaba. Todo funciona a la perfección, ¡súper recomendable<\/p>","link_label":"","link":""}},"column_U3JqCA":{"type":"column","settings":{"title":"<strong>Pedro Sánchez, Santiago <\/strong>⭐⭐⭐⭐⭐","text":"<p>Este taladro superó todas mis expectativas. Lo uso tanto para reparar muebles como para colgar cosas en el jardín. Las baterías duran mucho y la entrega fue rapidísima.  Recomendado.<\/p>","link_label":"","link":""}},"column_CBLJ93":{"type":"column","settings":{"image":"shopify:\/\/shop_images\/taladro_precio.webp","title":"<strong>Luis Aravena, Concepción             <\/strong>⭐⭐⭐⭐⭐","text":"<p>El envío fue súper rápido, llegó en solo 3 días a Concepción. Ya lo probé en varios proyectos y no decepciona. Potente y muy práctico. ¡Vale cada peso<\/p>","link_label":"","link":""}},"column_ExAG6q":{"type":"column","settings":{"image":"shopify:\/\/shop_images\/taladro_bateria.webp","title":"<strong>Cecilia Fernández, Santiago <\/strong> ⭐⭐⭐⭐⭐","text":"<p>Me gustó mucho el taladro, tiene buena potencia y las dos baterías son un plus. El único detalle es que el maletín podría ser un poco más robusto, pero igual me encantó<\/p>","link_label":"","link":""}},"column_6LFMCb":{"type":"column","settings":{"title":"<strong>Rodrigo Quintana, Arica                                       <\/strong>⭐⭐⭐⭐⭐","text":"<p>Una herramienta esencial en mi taller. Lo que más me gusta es que es inalámbrico, lo cual me da mucha libertad de movimiento. ¡Muy satisfecho con la compra<\/p>","link_label":"","link":""}},"column_KLxU9x":{"type":"column","settings":{"image":"shopify:\/\/shop_images\/taaldro_mas_juego_de_piezas.webp","title":"<strong>Cristián Vargas, Rancagua                                        <\/strong>⭐⭐⭐⭐⭐","text":"<p>Es la mejor compra que he hecho en mucho tiempo. Lo recomiendo para cualquiera que busque una herramienta potente y confiable. El juego de dados es de buena calidad también<\/p>","link_label":"","link":""}},"column_WJFCPG":{"type":"column","settings":{"image":"shopify:\/\/shop_images\/taladro_juego.webp","title":"<strong>Jorge Valdivia, Iquique                                      <\/strong>⭐⭐⭐⭐⭐","text":"<p>Este taladro es justo lo que necesitaba para mis trabajos de carpintería en casa. Funciona muy bien y las baterías duran más de lo que esperaba. Fácil de usar incluso para alguien que no es experto.<\/p>","link_label":"","link":""}},"column_zQ8km3":{"type":"column","settings":{"image":"shopify:\/\/shop_images\/taladro_12v.webp","title":"<strong>Gloria Méndez, Viña del Mar                                        <\/strong>⭐⭐⭐⭐⭐","text":"<p>Lo compré para arreglar unos muebles y me encantó. El taladro es liviano pero tiene una potencia brutal. Y el maletín con el juego de dados de regalo es ideal. Muy feliz con mi compra.<\/p>","link_label":"","link":""}}},"block_order":["column_PTtFPt","column_qcEjkn","column_U3JqCA","column_CBLJ93","column_ExAG6q","column_6LFMCb","column_KLxU9x","column_WJFCPG","column_zQ8km3"],"settings":{"title":"Reseñas de Clientes","heading_size":"h1","image_width":"full","image_ratio":"adapt","columns_desktop":3,"column_alignment":"left","background_style":"primary","button_label":"Ver Más","button_link":"","color_scheme":"","columns_mobile":"1","swipe_on_mobile":false,"padding_top":36,"padding_bottom":36}},"related-products":{"type":"related-products","settings":{"heading":"También le puede interesar","heading_size":"h2","products_to_show":4,"columns_desktop":4,"color_scheme":"scheme-1","image_ratio":"square","image_shape":"default","show_secondary_image":true,"show_vendor":false,"show_rating":false,"columns_mobile":"2","padding_top":36,"padding_bottom":28}}},"order":["main","multicolumn_rBYpqP","related-products"]}