{"sections":{"main":{"type":"main-product","blocks":{"vendor":{"type":"text","settings":{"text":"{{ product.vendor }}⭐⭐⭐⭐⭐ +4000 clientes satisfechos","text_style":"uppercase"}},"title":{"type":"title","settings":{}},"text_TFXTdb":{"type":"text","settings":{"text":"✅ <strong>Estaciona con precisión<\/strong>","text_style":"body"}},"text_fbyPKt":{"type":"text","settings":{"text":"✅ <strong>Sin puntos ciegos<\/strong>","text_style":"body"}},"text_wJND8i":{"type":"text","settings":{"text":"✅ <strong>Protección 24\/7 activa<\/strong>","text_style":"body"}},"text_xRAVmG":{"type":"text","settings":{"text":"✅ <strong>Instalación rápida y sencilla<\/strong>","text_style":"body"}},"text_xaNQAC":{"type":"text","settings":{"text":"✅ <strong>¡Últimas unidades disponibles!<\/strong>","text_style":"body"}},"price":{"type":"price","settings":{}},"variant_picker":{"type":"variant_picker","settings":{"picker_type":"button","swatch_shape":"circle"}},"quantity_selector":{"type":"quantity_selector","settings":{}},"icon_with_text_dnEgR4":{"type":"icon-with-text","settings":{"layout":"vertical","icon_1":"none","heading_1":"Grabó un incidente y me salvó de problemas legales. ¡Increíble!.                 ⭐⭐⭐⭐⭐- <em>Ana L., Concepción.<\/em>","icon_2":"none","heading_2":"","icon_3":"none","heading_3":""}},"buy_buttons":{"type":"buy_buttons","disabled":true,"settings":{"show_dynamic_checkout":true,"show_gift_card_recipient":true}},"description":{"type":"description","settings":{}},"rating_hckycM":{"type":"rating","settings":{}},"share":{"type":"share","disabled":true,"settings":{"share_label":"Share"}}},"block_order":["vendor","title","text_TFXTdb","text_fbyPKt","text_wJND8i","text_xRAVmG","text_xaNQAC","price","variant_picker","quantity_selector","icon_with_text_dnEgR4","buy_buttons","description","rating_hckycM","share"],"settings":{"enable_sticky_info":true,"color_scheme":"scheme-1","media_size":"medium","constrain_to_viewport":true,"media_fit":"contain","gallery_layout":"stacked","media_position":"left","image_zoom":"lightbox","mobile_thumbnails":"hide","hide_variants":true,"enable_video_looping":false,"padding_top":36,"padding_bottom":12}},"multicolumn_rBYpqP":{"type":"multicolumn","blocks":{"column_PTtFPt":{"type":"column","settings":{"image":"shopify:\/\/shop_images\/Pistola_Manual_De_Clavos_3.webp","title":"- <strong>Juan Pablo, Temuco.<\/strong>","text":"<p>⭐⭐⭐⭐<\/p><p>La pistola es súper buena, me salió más resistente de lo que esperaba. Llegó un poco demorada a Temuco, pero valió la espera. La recomiendo<\/p>","link_label":"","link":""}},"column_qcEjkn":{"type":"column","settings":{"title":"<strong>Carmen, Punta Arenas.      <\/strong>⭐⭐⭐⭐⭐","text":"<p>Funciona perfecto para arreglos en casa. Pensé que no iba a dar la talla, pero tiene buena potencia. Me gustó<\/p>","link_label":"","link":""}},"column_U3JqCA":{"type":"column","settings":{"image":"shopify:\/\/shop_images\/Pistola_Manual_De_Clavos_4.webp","title":"<strong>Claudio, La Serena.<\/strong> ⭐⭐⭐⭐⭐","text":"<p>Entrega rapidita en Santiago y el producto es buenísimo. Nunca había usado una de estas, pero me sentí todo un profesional. Buena compra<\/p>","link_label":"","link":""}},"column_CBLJ93":{"type":"column","settings":{"title":"<strong>Patricia<\/strong>, <strong>Santiago.                <\/strong>⭐⭐⭐⭐⭐","text":"<p>La tienda entregó antes de lo que esperaba! La pistola es excelente y parece bien duradera. Se nota que es de buena calidad<\/p>","link_label":"","link":""}},"column_ExAG6q":{"type":"column","settings":{"image":"shopify:\/\/shop_images\/Pistola_Manual_De_Clavos.webp","title":"<strong>Roberto, Antofagasta.<\/strong>          ⭐⭐⭐⭐⭐","text":"<p>Buena para arreglitos chicos. Ya la he usado varias veces y sigue funcionando perfecto. La entrega a Concepción fue rápida<\/p>","link_label":"","link":""}},"column_6LFMCb":{"type":"column","settings":{"image":"shopify:\/\/shop_images\/Pistola_Manual_De_Clavos_7.webp","title":"<strong>Fernando, Puerto Montt.                                          <\/strong>⭐⭐⭐⭐⭐","text":"<p>Muy útil, sobre todo para los que somos fanáticos de hacer todo en casa sin pedir ayuda, jaja<\/p>","link_label":"","link":""}},"column_YdJ7Ke":{"type":"column","settings":{"title":"<strong>Carlos, Santiago.                                          <\/strong>⭐⭐⭐⭐⭐","text":"<p>La usé en varios proyectos y no me ha fallado. La pistola tiene fuerza y es fácil de usar. Llegó a Valparaíso en unos días. Genial<\/p>","link_label":"","link":""}},"column_hck7kL":{"type":"column","settings":{"title":"<strong>Felipe, Valparaíso.                                          <\/strong>⭐⭐⭐⭐⭐","text":"<p>Funciona perfecto y me ahorra mucho tiempo. Buena compra<\/p>","link_label":"","link":""}},"column_b4hGRh":{"type":"column","settings":{"image":"shopify:\/\/shop_images\/Pistola_Manual_De_Clavos_6.webp","title":"<strong>Alejandro, Santiago.                                          <\/strong>⭐⭐⭐⭐⭐","text":"<p>Pensé que sería más difícil de usar, pero la verdad es que es súper intuitiva. La recomiendo<\/p>","link_label":"","link":""}},"column_VECrPX":{"type":"column","settings":{"title":"<strong>Talca, Santiago.                                          <\/strong>⭐⭐⭐⭐⭐","text":"<p>Cumple con lo prometido. La pistola tiene potencia y es muy cómoda.<\/p>","link_label":"","link":""}}},"block_order":["column_PTtFPt","column_qcEjkn","column_U3JqCA","column_CBLJ93","column_ExAG6q","column_6LFMCb","column_YdJ7Ke","column_hck7kL","column_b4hGRh","column_VECrPX"],"disabled":true,"settings":{"title":"Reseñas de Clientes","heading_size":"h1","image_width":"full","image_ratio":"adapt","columns_desktop":3,"column_alignment":"left","background_style":"primary","button_label":"Ver Más","button_link":"","color_scheme":"","columns_mobile":"1","swipe_on_mobile":false,"padding_top":36,"padding_bottom":36}},"related-products":{"type":"related-products","disabled":true,"settings":{"heading":"También le puede interesar","heading_size":"h2","products_to_show":4,"columns_desktop":4,"color_scheme":"scheme-1","image_ratio":"square","image_shape":"default","show_secondary_image":true,"show_vendor":false,"show_rating":false,"columns_mobile":"2","padding_top":36,"padding_bottom":28}}},"order":["main","multicolumn_rBYpqP","related-products"]}