{"sections":{"main":{"type":"main-product","blocks":{"vendor":{"type":"text","settings":{"text":"{{ product.vendor }}⭐⭐⭐⭐⭐ +4000 clientes satisfechos","text_style":"uppercase"}},"title":{"type":"title","settings":{}},"text_TFXTdb":{"type":"text","settings":{"text":"✅ <strong>Corta cualquier material. <\/strong>","text_style":"body"}},"text_fbyPKt":{"type":"text","settings":{"text":"✅ <strong>Durabilidad garantizada.<\/strong>","text_style":"body"}},"text_wJND8i":{"type":"text","settings":{"text":"✅ <strong>Cortes rápidos y precisos.<\/strong>","text_style":"body"}},"text_xRAVmG":{"type":"text","settings":{"text":"✅ <strong>Ahorra tiempo y dinero.<\/strong>","text_style":"body"}},"price":{"type":"price","settings":{}},"variant_picker":{"type":"variant_picker","settings":{"picker_type":"button","swatch_shape":"circle"}},"quantity_selector":{"type":"quantity_selector","settings":{}},"icon_with_text_dnEgR4":{"type":"icon-with-text","settings":{"layout":"vertical","icon_1":"none","heading_1":"⭐⭐⭐⭐⭐<strong>- Erick López, Santiago<\/strong>.                                        Al principio dudaba de su durabilidad, pero este disco ha superado mis expectativas. Es rápido, preciso y todavía no he tenido que reemplazarlo.","icon_2":"none","heading_2":"","icon_3":"none","heading_3":""}},"buy_buttons":{"type":"buy_buttons","disabled":true,"settings":{"show_dynamic_checkout":true,"show_gift_card_recipient":true}},"description":{"type":"description","settings":{}},"rating_hckycM":{"type":"rating","settings":{}},"share":{"type":"share","disabled":true,"settings":{"share_label":"Share"}}},"block_order":["vendor","title","text_TFXTdb","text_fbyPKt","text_wJND8i","text_xRAVmG","price","variant_picker","quantity_selector","icon_with_text_dnEgR4","buy_buttons","description","rating_hckycM","share"],"settings":{"enable_sticky_info":true,"color_scheme":"scheme-1","media_size":"medium","constrain_to_viewport":true,"media_fit":"contain","gallery_layout":"stacked","media_position":"left","image_zoom":"lightbox","mobile_thumbnails":"hide","hide_variants":true,"enable_video_looping":false,"padding_top":36,"padding_bottom":12}},"multicolumn_rBYpqP":{"type":"multicolumn","blocks":{"column_PTtFPt":{"type":"column","settings":{"image":"shopify:\/\/shop_images\/disco_diamente_universal.webp","title":"<strong>Manuel Jiménez, Santiago <\/strong>⭐⭐⭐⭐⭐","text":"<p>Perfecto para trabajos duros. Corté cerámica y acero sin problemas. Lo recomiendo si eres profesional en construcción como yo.ra<\/p>","link_label":"","link":""}},"column_qcEjkn":{"type":"column","settings":{"title":"<strong>Javier Araya., Valparaíso     <\/strong>⭐⭐⭐⭐⭐","text":"<p>Este disco me ha ayudado a terminar proyectos grandes de construcción. Corta de todo, desde cerámica hasta acero, ¡y no se desgasta rápido<\/p>","link_label":"","link":""}},"column_U3JqCA":{"type":"column","settings":{"title":"<strong>Pablo Soto., Concepción <\/strong>⭐⭐⭐⭐⭐","text":"<p>No suelo dejar reviews, pero este disco se lo merece. Corté mármol y cerámica sin problemas. Envío súper rápido<\/p>","link_label":"","link":""}},"column_9yfcEx":{"type":"column","settings":{"image":"shopify:\/\/shop_images\/disco_diamante_hierro.webp","title":"<strong>Carlos Rodríguez, Santiago ⭐⭐⭐⭐⭐<\/strong>","text":"<p>¡Este disco es una maravilla! Corta metal como mantequilla, lo usé en una obra y no me ha fallado. Llegó rápido, la tienda súper confiable<\/p>","link_label":"","link":""}},"column_CBLJ93":{"type":"column","settings":{"image":"shopify:\/\/shop_images\/disco_diamante_precio.webp","title":"<strong>Rodrigo Núñez, La Serena             <\/strong>⭐⭐⭐⭐⭐","text":"<p>Muy buen producto, lo usé en metal y piedra, sigue funcionando como nuevo. Lo recomiendo 100%<\/p>","link_label":"","link":""}},"column_ExAG6q":{"type":"column","settings":{"title":"<strong>Claudia Zamora., Antofagasta  <\/strong>  ⭐⭐⭐⭐⭐","text":"<p>Llevo dos semanas usándolo y sigue como nuevo. Corta metal y cerámica sin perder filo. Excelente disco.\"<\/p>","link_label":"","link":""}},"column_6LFMCb":{"type":"column","settings":{"image":"shopify:\/\/shop_images\/disco_diamante_precio.webp","title":"Carlos Morales,<strong> La Serena                                        <\/strong>⭐⭐⭐⭐⭐","text":"<p>Cumple su función, Lo uso en mi taller y va bien.<\/p>","link_label":"","link":""}},"column_KLxU9x":{"type":"column","settings":{"title":"<strong>Isabel Jara, Viña del Mar                                        <\/strong>⭐⭐⭐⭐⭐","text":"<p>El envío fue muy rápido a Viña y la calidad del disco es excelente. Corta muy bien acero y cerámica. Lo recomiendo<\/p>","link_label":"","link":""}},"column_WJFCPG":{"type":"column","settings":{"image":"shopify:\/\/shop_images\/disco_diamante_dewalt.webp","title":"<strong>Francisco Díaz<\/strong>,<strong> Rancagua                                        <\/strong>⭐⭐⭐⭐⭐","text":"<p>Lo mejor que he comprado para mi negocio de construcción. ¡Resistente y versátil! Vale la pena cada peso.<\/p>","link_label":"","link":""}},"column_zQ8km3":{"type":"column","settings":{"title":"<strong>Luis Santander, Puerto Montt                                        <\/strong>⭐⭐⭐⭐⭐","text":"<p>Llego antes de lo esperado a Puerto Montt. Lo he usado en varios materiales y sigue cortando como el primer día<\/p>","link_label":"","link":""}}},"block_order":["column_PTtFPt","column_qcEjkn","column_U3JqCA","column_9yfcEx","column_CBLJ93","column_ExAG6q","column_6LFMCb","column_KLxU9x","column_WJFCPG","column_zQ8km3"],"settings":{"title":"Reseñas de Clientes","heading_size":"h1","image_width":"full","image_ratio":"adapt","columns_desktop":3,"column_alignment":"left","background_style":"primary","button_label":"Ver Más","button_link":"","color_scheme":"","columns_mobile":"1","swipe_on_mobile":false,"padding_top":36,"padding_bottom":36}},"related-products":{"type":"related-products","settings":{"heading":"También le puede interesar","heading_size":"h2","products_to_show":4,"columns_desktop":4,"color_scheme":"scheme-1","image_ratio":"square","image_shape":"default","show_secondary_image":true,"show_vendor":false,"show_rating":false,"columns_mobile":"2","padding_top":36,"padding_bottom":28}}},"order":["main","multicolumn_rBYpqP","related-products"]}