{"sections":{"main":{"type":"main-product","blocks":{"vendor":{"type":"text","settings":{"text":"{{ product.vendor }}⭐⭐⭐⭐⭐ +4000 clientes satisfechos","text_style":"uppercase"}},"title":{"type":"title","settings":{}},"text_TFXTdb":{"type":"text","settings":{"text":"✅ <strong>Iluminación automática nocturna <\/strong>","text_style":"body"}},"text_fbyPKt":{"type":"text","settings":{"text":"✅ <strong>Energía limpia solar<\/strong>","text_style":"body"}},"text_wJND8i":{"type":"text","settings":{"text":"✅ <strong>Resistente a climas<\/strong>","text_style":"body"}},"text_xRAVmG":{"type":"text","settings":{"text":"✅ <strong>LEDs larga duración<\/strong>","text_style":"body"}},"price":{"type":"price","settings":{}},"variant_picker":{"type":"variant_picker","settings":{"picker_type":"button","swatch_shape":"circle"}},"quantity_selector":{"type":"quantity_selector","settings":{}},"icon_with_text_dnEgR4":{"type":"icon-with-text","settings":{"layout":"vertical","icon_1":"none","heading_1":"Tenía dudas sobre las luces solares, pero me sorprendieron. Iluminan mi jardín cada noche sin aumentar la cuenta de luz y sin cables. ¡Compré dos kits y ahora mi Navidad en Santiago será mágica               ⭐⭐⭐⭐⭐- Delia., Santiago.","icon_2":"none","heading_2":"","icon_3":"none","heading_3":""}},"buy_buttons":{"type":"buy_buttons","disabled":true,"settings":{"show_dynamic_checkout":true,"show_gift_card_recipient":true}},"description":{"type":"description","settings":{}},"rating_hckycM":{"type":"rating","settings":{}},"share":{"type":"share","disabled":true,"settings":{"share_label":"Share"}}},"block_order":["vendor","title","text_TFXTdb","text_fbyPKt","text_wJND8i","text_xRAVmG","price","variant_picker","quantity_selector","icon_with_text_dnEgR4","buy_buttons","description","rating_hckycM","share"],"settings":{"enable_sticky_info":true,"color_scheme":"scheme-1","media_size":"medium","constrain_to_viewport":true,"media_fit":"contain","gallery_layout":"stacked","media_position":"left","image_zoom":"lightbox","mobile_thumbnails":"hide","hide_variants":true,"enable_video_looping":false,"padding_top":36,"padding_bottom":12}},"multicolumn_rBYpqP":{"type":"multicolumn","blocks":{"column_PTtFPt":{"type":"column","settings":{"title":"<strong>- Andrés Fuentes (Santiago)<\/strong>","text":"<p>⭐⭐⭐⭐⭐<\/p><p>El sensor funciona muy bien y la luz es potente. Solo tardó un poco más de lo esperado en llegar, pero nada grave. Buena compra.<\/p>","link_label":"","link":""}},"column_qcEjkn":{"type":"column","settings":{"title":"<strong>- Ana Villanueva (Concepción)     <\/strong>⭐⭐⭐⭐⭐","text":"<p>Perfectas para iluminar mi entrada. Lo mejor es que no necesito preocuparme por la factura de luz. Gracias<\/p>","link_label":"","link":""}},"column_U3JqCA":{"type":"column","settings":{"title":"<strong>- Tomás Espinoza (Valparaíso) <\/strong>⭐⭐⭐⭐⭐","text":"<p>Fáciles de instalar, resistentes al agua y con una luz potente. No puedo pedir más. Entrega rápida y sin problemas<\/p>","link_label":"","link":""}},"column_CBLJ93":{"type":"column","settings":{"title":"<strong>- Felipe Morales (Rancagua)               <\/strong>⭐⭐⭐⭐⭐","text":"<p>Compré un set y estoy encantado. Ahora mi terraza tiene un toque moderno y funcional. ¡Gracias<\/p>","link_label":"","link":""}},"column_ExAG6q":{"type":"column","settings":{"title":"<strong>- Rosa Sepúlveda (Santiago)   <\/strong>      ⭐⭐⭐⭐⭐","text":"<p>El producto está bien, pero llegó un día tarde. Funciona como debería, así que no tengo quejas importantes.<\/p>","link_label":"","link":""}},"column_6LFMCb":{"type":"column","settings":{"title":"<strong>- Javier Castro (Iquique).                                          <\/strong>⭐⭐⭐⭐⭐","text":"<p>Estas luces solares son lo mejor que he comprado en años. Llegaron rápido y funcionan perfecto en mi patio trasero.<\/p>","link_label":"","link":""}}},"block_order":["column_PTtFPt","column_qcEjkn","column_U3JqCA","column_CBLJ93","column_ExAG6q","column_6LFMCb"],"settings":{"title":"Reseñas de Clientes","heading_size":"h1","image_width":"full","image_ratio":"adapt","columns_desktop":3,"column_alignment":"left","background_style":"primary","button_label":"Ver Más","button_link":"","color_scheme":"scheme-3","columns_mobile":"1","swipe_on_mobile":false,"padding_top":36,"padding_bottom":36}},"related-products":{"type":"related-products","settings":{"heading":"También le puede interesar","heading_size":"h2","products_to_show":4,"columns_desktop":4,"color_scheme":"scheme-1","image_ratio":"square","image_shape":"default","show_secondary_image":true,"show_vendor":false,"show_rating":false,"columns_mobile":"2","padding_top":36,"padding_bottom":28}}},"order":["main","multicolumn_rBYpqP","related-products"]}