{"sections":{"main":{"type":"main-product","blocks":{"vendor":{"type":"text","settings":{"text":"{{ product.vendor }}⭐⭐⭐⭐⭐ +4000 clientes satisfechos","text_style":"uppercase"}},"title":{"type":"title","settings":{}},"text_TFXTdb":{"type":"text","settings":{"text":"✅ <strong>Alcanza 3 metros <\/strong>","text_style":"body"}},"text_fbyPKt":{"type":"text","settings":{"text":"✅ <strong>Sin escaleras nunca<\/strong>","text_style":"body"}},"text_wJND8i":{"type":"text","settings":{"text":"✅ <strong>Gira 180 grados<\/strong>","text_style":"body"}},"text_xRAVmG":{"type":"text","settings":{"text":"✅ <strong>Pesa solo 450g<\/strong>","text_style":"body"}},"text_XCqeKa":{"type":"text","settings":{"text":"✅ <strong>Esquinas imposibles<\/strong>","text_style":"body"}},"price":{"type":"price","settings":{}},"variant_picker":{"type":"variant_picker","settings":{"picker_type":"button","swatch_shape":"circle"}},"quantity_selector":{"type":"quantity_selector","settings":{}},"icon_with_text_dnEgR4":{"type":"icon-with-text","settings":{"layout":"vertical","icon_1":"none","heading_1":"<strong>¡Mi baño impecable sin agacharme ni estirarme!\"<\/strong><em>\"Con el Magic Reach Pro, limpio las esquinas altas y detrás del inodoro sin esfuerzo. ¡Adiós dolores de espalda y suciedad escondida!<\/em>                 ⭐⭐⭐⭐⭐- María José L., 45 años, Las Condes.","icon_2":"none","heading_2":"","icon_3":"none","heading_3":""}},"buy_buttons":{"type":"buy_buttons","disabled":true,"settings":{"show_dynamic_checkout":true,"show_gift_card_recipient":true}},"description":{"type":"description","settings":{}},"rating_hckycM":{"type":"rating","settings":{}},"share":{"type":"share","disabled":true,"settings":{"share_label":"Share"}}},"block_order":["vendor","title","text_TFXTdb","text_fbyPKt","text_wJND8i","text_xRAVmG","text_XCqeKa","price","variant_picker","quantity_selector","icon_with_text_dnEgR4","buy_buttons","description","rating_hckycM","share"],"settings":{"enable_sticky_info":true,"color_scheme":"scheme-1","media_size":"medium","constrain_to_viewport":true,"media_fit":"contain","gallery_layout":"stacked","media_position":"left","image_zoom":"lightbox","mobile_thumbnails":"hide","hide_variants":true,"enable_video_looping":false,"padding_top":36,"padding_bottom":12}},"multicolumn_rBYpqP":{"type":"multicolumn","blocks":{"column_PTtFPt":{"type":"column","settings":{"image":"shopify:\/\/shop_images\/Captura_de_pantalla_2025-03-29_082642.png","title":"- <strong>Manuela Sanabria<\/strong>","text":"<p>⭐⭐⭐⭐⭐<\/p><p>No pierdas esta oportunidad! El kit es increíble y el precio está buenísimo. ¡Compré el mío y no me arrepiento<\/p>","link_label":"","link":""}},"column_qcEjkn":{"type":"column","settings":{"image":"shopify:\/\/shop_images\/Captura_de_pantalla_2025-03-29_082750.png","title":"<strong>-Karina Velez     <\/strong>","text":"<p>⭐⭐⭐⭐⭐<\/p><p>Me encanta la libertad de poder trabajar en Limpiar mi hogar rápido y sencillo.<\/p>","link_label":"","link":""}},"column_U3JqCA":{"type":"column","settings":{"image":"shopify:\/\/shop_images\/Captura_de_pantalla_2025-03-29_082701.png","title":"<strong>- María Gonzáles<\/strong>","text":"<p>⭐⭐⭐⭐⭐<\/p><p>Buen funcionamiento y potencia, me gustó.<\/p>","link_label":"","link":""}},"column_CBLJ93":{"type":"column","settings":{"image":"shopify:\/\/shop_images\/Captura_de_pantalla_2025-03-29_082808.png","title":"<strong>- Ana María Perez<\/strong>","text":"<p>⭐⭐⭐⭐⭐<\/p><p>Estoy muy feliz con mi compra. llegó rápido y en perfectas condiciones. ¡Ahora mi casa esta brillante siempre!<\/p>","link_label":"","link":""}},"column_ExAG6q":{"type":"column","settings":{"image":"shopify:\/\/shop_images\/Captura_de_pantalla_2025-03-29_082652.png","title":"<strong>- Camilo García          <\/strong>","text":"<p>⭐⭐⭐⭐⭐<\/p><p>Muy ligero, fácil de usar y muy eficiente. Y el precio es buenísimo<\/p>","link_label":"","link":""}},"column_6LFMCb":{"type":"column","settings":{"image":"shopify:\/\/shop_images\/Captura_de_pantalla_2025-03-29_083228.png","title":"<strong>-Fernanda Castillo                                       <\/strong>","text":"<p>⭐⭐⭐⭐⭐<\/p><p>Me sorprendió la potencia y la versatilidad de este kit. Ya no me tengo que esforzar tanto<\/p>","link_label":"","link":""}}},"block_order":["column_PTtFPt","column_qcEjkn","column_U3JqCA","column_CBLJ93","column_ExAG6q","column_6LFMCb"],"settings":{"title":"Reseñas de Clientes","heading_size":"h1","image_width":"full","image_ratio":"adapt","columns_desktop":3,"column_alignment":"left","background_style":"primary","button_label":"Ver Más","button_link":"","color_scheme":"","columns_mobile":"1","swipe_on_mobile":false,"padding_top":36,"padding_bottom":36}},"related-products":{"type":"related-products","settings":{"heading":"También le puede interesar","heading_size":"h2","products_to_show":4,"columns_desktop":4,"color_scheme":"scheme-1","image_ratio":"square","image_shape":"default","show_secondary_image":true,"show_vendor":false,"show_rating":false,"columns_mobile":"2","padding_top":36,"padding_bottom":28}}},"order":["main","multicolumn_rBYpqP","related-products"]}