{"sections":{"main":{"type":"main-product","blocks":{"vendor":{"type":"text","settings":{"text":"{{ product.vendor }}⭐⭐⭐⭐⭐ +4000 clientes satisfechos","text_style":"uppercase"}},"title":{"type":"title","settings":{}},"text_TFXTdb":{"type":"text","settings":{"text":"✅ <strong>Versatilidad en acción. <\/strong>","text_style":"body"}},"text_fbyPKt":{"type":"text","settings":{"text":"✅ <strong>Diseño compacto ergonómico.<\/strong>","text_style":"body"}},"text_wJND8i":{"type":"text","settings":{"text":"✅ <strong>Accesorios completos incluidos.<\/strong>","text_style":"body"}},"text_xRAVmG":{"type":"text","settings":{"text":"✅ <strong>Fácil y ligero.<\/strong>","text_style":"body"}},"text_9Mh9mD":{"type":"text","settings":{"text":"✅ <strong>Pago Al Recibir.<\/strong>","text_style":"body"}},"price":{"type":"price","settings":{}},"variant_picker":{"type":"variant_picker","settings":{"picker_type":"button","swatch_shape":"circle"}},"quantity_selector":{"type":"quantity_selector","settings":{}},"icon_with_text_dnEgR4":{"type":"icon-with-text","settings":{"layout":"vertical","icon_1":"none","heading_1":"Tenía dudas sobre la potencia de un taladro inalámbrico, pero superó todas mis expectativas. Es ligero, preciso y no me canso al usarlo. Totalmente recomendado                ⭐⭐⭐⭐⭐- <strong>Carolina, Santiago<\/strong>","icon_2":"none","heading_2":"","icon_3":"none","heading_3":""}},"buy_buttons":{"type":"buy_buttons","disabled":true,"settings":{"show_dynamic_checkout":true,"show_gift_card_recipient":true}},"description":{"type":"description","settings":{}},"rating_hckycM":{"type":"rating","settings":{}},"share":{"type":"share","disabled":true,"settings":{"share_label":"Share"}}},"block_order":["vendor","title","text_TFXTdb","text_fbyPKt","text_wJND8i","text_xRAVmG","text_9Mh9mD","price","variant_picker","quantity_selector","icon_with_text_dnEgR4","buy_buttons","description","rating_hckycM","share"],"settings":{"enable_sticky_info":true,"color_scheme":"scheme-1","media_size":"medium","constrain_to_viewport":true,"media_fit":"contain","gallery_layout":"stacked","media_position":"left","image_zoom":"lightbox","mobile_thumbnails":"hide","hide_variants":true,"enable_video_looping":false,"padding_top":36,"padding_bottom":12}},"multicolumn_rBYpqP":{"type":"multicolumn","blocks":{"column_PTtFPt":{"type":"column","settings":{"image":"shopify:\/\/shop_images\/mini_taladro_inalambrico.webp","title":"<strong>Rodrigo, Valparaíso<\/strong>","text":"<p>⭐⭐⭐⭐⭐<\/p><p>Me preocupaba la duración de la batería, pero este taladro es increíblemente eficiente. Dura lo necesario y su rendimiento es constante. Vale cada peso<\/p>","link_label":"","link":""}},"column_qcEjkn":{"type":"column","settings":{"image":"shopify:\/\/shop_images\/taladro_inalambrico_sin_cable.webp","title":"<strong>Patricia, Viña del Mar<\/strong>⭐⭐⭐⭐⭐","text":"<p>No confiaba en herramientas multifuncionales, pero este taladro cambió mi opinión. Es fácil de usar y viene con todos los accesorios que necesito.<\/p>","link_label":"","link":""}},"column_U3JqCA":{"type":"column","settings":{"image":"shopify:\/\/shop_images\/taaldro_inalambrico_3v.webp","title":"<strong>Pedro L., <\/strong> <strong>Concepción<\/strong>      ⭐⭐⭐⭐⭐","text":"<p>Pensé que un taladro tan ligero no sería potente, pero me sorprendió. Realizo todos mis proyectos sin problemas y sin cables es mucho mejor. Recomendado<\/p>","link_label":"","link":""}},"column_CBLJ93":{"type":"column","settings":{"image":"shopify:\/\/shop_images\/mini_taladro_inalambrico.webp","title":"<strong>Marcelo, Viña del Mar<\/strong>⭐⭐⭐⭐⭐","text":"<p>Los accesorios de este taladro son perfectos para cualquier tarea en casa. Es tan versátil que lo uso para todo, desde reparaciones hasta bricolaje.<\/p>","link_label":"","link":""}},"column_787M8g":{"type":"column","settings":{"image":"shopify:\/\/shop_images\/taladro_inalambrico_8v.webp","title":"<strong>Andre, Temuco                       <\/strong>⭐⭐⭐⭐⭐","text":"<p>Tenía dudas por su tamaño, pero me sorprendió. La batería dura lo suficiente y su potencia cumple con todas mis expectativas. ¡Muy satisfecho!<\/p>","link_label":"","link":""}},"column_EPQbN4":{"type":"column","settings":{"title":"<strong>Felipe L., Iquique<\/strong> ⭐⭐⭐⭐⭐","text":"<p>Este taladro es cómodo, ligero y fácil de manejar. Sus accesorios me han permitido realizar reparaciones complicadas sin esfuerzo.<\/p>","link_label":"","link":""}}},"block_order":["column_PTtFPt","column_qcEjkn","column_U3JqCA","column_CBLJ93","column_787M8g","column_EPQbN4"],"settings":{"title":"Reseñas de Clientes","heading_size":"h1","image_width":"full","image_ratio":"adapt","columns_desktop":3,"column_alignment":"left","background_style":"primary","button_label":"Ver Más","button_link":"","color_scheme":"","columns_mobile":"1","swipe_on_mobile":false,"padding_top":36,"padding_bottom":36}},"related-products":{"type":"related-products","settings":{"heading":"También le puede interesar","heading_size":"h2","products_to_show":4,"columns_desktop":4,"color_scheme":"scheme-1","image_ratio":"square","image_shape":"default","show_secondary_image":true,"show_vendor":false,"show_rating":false,"columns_mobile":"2","padding_top":36,"padding_bottom":28}},"featured_collection_JHza4P":{"type":"featured-collection","settings":{"title":"Colección destacada","heading_size":"h1","description":"","show_description":false,"description_style":"body","collection":"frontpage","products_to_show":4,"columns_desktop":4,"full_width":false,"show_view_all":true,"view_all_style":"solid","enable_desktop_slider":false,"color_scheme":"","image_ratio":"adapt","image_shape":"default","show_secondary_image":false,"show_vendor":false,"show_rating":false,"quick_add":"none","columns_mobile":"2","swipe_on_mobile":false,"padding_top":36,"padding_bottom":36}}},"order":["main","multicolumn_rBYpqP","related-products","featured_collection_JHza4P"]}