{"sections":{"main":{"type":"main-product","blocks":{"vendor":{"type":"text","settings":{"text":"{{ product.vendor }}⭐⭐⭐⭐⭐ +4000 clientes satisfechos","text_style":"uppercase"}},"title":{"type":"title","settings":{}},"text_TFXTdb":{"type":"text","settings":{"text":"✅ <strong>Jardín perfecto, sin esfuerzo <\/strong>","text_style":"body"}},"text_fbyPKt":{"type":"text","settings":{"text":"✅ <strong>Potencia y versatilidad<\/strong>","text_style":"body"}},"text_wJND8i":{"type":"text","settings":{"text":"✅ <strong>Movilidad sin cables<\/strong>","text_style":"body"}},"text_xRAVmG":{"type":"text","settings":{"text":"✅ <strong>¡Oferta limitada! Compra ya<\/strong>","text_style":"body"}},"price":{"type":"price","settings":{}},"variant_picker":{"type":"variant_picker","settings":{"picker_type":"button","swatch_shape":"circle"}},"quantity_selector":{"type":"quantity_selector","settings":{}},"icon_with_text_dnEgR4":{"type":"icon-with-text","settings":{"layout":"vertical","icon_1":"none","heading_1":"¡Este kit es increíble! La cortadora de césped deja mi jardín impecable y la minimotosierra es perfecta para podar. ¡Dos baterías recargables son un plus!                  ⭐⭐⭐⭐⭐- Ana P., Santiago.","icon_2":"none","heading_2":"","icon_3":"none","heading_3":""}},"buy_buttons":{"type":"buy_buttons","disabled":true,"settings":{"show_dynamic_checkout":true,"show_gift_card_recipient":true}},"description":{"type":"description","settings":{}},"rating_hckycM":{"type":"rating","settings":{}},"share":{"type":"share","disabled":true,"settings":{"share_label":"Share"}}},"block_order":["vendor","title","text_TFXTdb","text_fbyPKt","text_wJND8i","text_xRAVmG","price","variant_picker","quantity_selector","icon_with_text_dnEgR4","buy_buttons","description","rating_hckycM","share"],"settings":{"enable_sticky_info":true,"color_scheme":"scheme-1","media_size":"medium","constrain_to_viewport":true,"media_fit":"contain","gallery_layout":"stacked","media_position":"left","image_zoom":"lightbox","mobile_thumbnails":"hide","hide_variants":true,"enable_video_looping":false,"padding_top":36,"padding_bottom":12}},"multicolumn_rBYpqP":{"type":"multicolumn","blocks":{"column_PTtFPt":{"type":"column","settings":{"image":"shopify:\/\/shop_images\/corta_cesped_precios_4.webp","title":"- <strong>Manuel, Iquique.<\/strong>","text":"<p>⭐⭐⭐⭐⭐<\/p><p>No pierdas esta oportunidad! El kit es increíble y el precio está buenísimo. ¡Compré el mío y no me arrepiento<\/p>","link_label":"","link":""}},"column_qcEjkn":{"type":"column","settings":{"image":"shopify:\/\/shop_images\/corta_cesped_precios_2.webp","title":"<strong>Valentina, Punta Arenas.      <\/strong>⭐⭐⭐⭐⭐","text":"<p>Me encanta la libertad de poder trabajar en mi jardín sin cables! Las baterías duran bastante y las herramientas son muy potentes. Excelente compra<\/p>","link_label":"","link":""}},"column_U3JqCA":{"type":"column","settings":{"image":"shopify:\/\/shop_images\/corta_cesped_precios.webp","title":"<strong>Gonzalo, La Serena.<\/strong> ⭐⭐⭐⭐⭐","text":"<p>Recomiendo este kit a todos los que quieren tener un jardín bonito sin gastar mucho tiempo y energía. Es la solución perfecta<\/p>","link_label":"","link":""}},"column_CBLJ93":{"type":"column","settings":{"title":"Carolina, <strong>Temuco.                <\/strong>⭐⭐⭐⭐⭐","text":"<p>Estoy muy feliz con mi compra. El kit llegó rápido y en perfectas condiciones. ¡Ahora mi jardín está hermoso y bien cuidado<\/p>","link_label":"","link":""}},"column_ExAG6q":{"type":"column","settings":{"image":"shopify:\/\/shop_images\/corta_cesped_precios_3.webp","title":"Ricardo, Antofagasta.          ⭐⭐⭐⭐⭐","text":"<p>Con este kit, cuidar mi jardín se convirtió en un placer. Las herramientas son ligeras, fáciles de usar y muy eficientes. Y el precio es buenísimo<\/p>","link_label":"","link":""}},"column_6LFMCb":{"type":"column","settings":{"image":"shopify:\/\/shop_images\/cesped_poda.webp","title":"Fernanda, <strong>Puerto Montt.                                          <\/strong>⭐⭐⭐⭐⭐","text":"<p>Me sorprendió la potencia y la versatilidad de este kit. Mi jardín está impecable y no tuve que esforzarme mucho. Vale cada peso!<\/p>","link_label":"","link":""}}},"block_order":["column_PTtFPt","column_qcEjkn","column_U3JqCA","column_CBLJ93","column_ExAG6q","column_6LFMCb"],"settings":{"title":"Reseñas de Clientes","heading_size":"h1","image_width":"full","image_ratio":"adapt","columns_desktop":3,"column_alignment":"left","background_style":"primary","button_label":"Ver Más","button_link":"","color_scheme":"","columns_mobile":"1","swipe_on_mobile":false,"padding_top":36,"padding_bottom":36}},"related-products":{"type":"related-products","settings":{"heading":"También le puede interesar","heading_size":"h2","products_to_show":4,"columns_desktop":4,"color_scheme":"scheme-1","image_ratio":"square","image_shape":"default","show_secondary_image":true,"show_vendor":false,"show_rating":false,"columns_mobile":"2","padding_top":36,"padding_bottom":28}}},"order":["main","multicolumn_rBYpqP","related-products"]}