{"sections":{"main":{"type":"main-product","blocks":{"vendor":{"type":"text","settings":{"text":"{{ product.vendor }}⭐⭐⭐⭐⭐ +4000 clientes satisfechos","text_style":"uppercase"}},"title":{"type":"title","settings":{}},"text_TFXTdb":{"type":"text","settings":{"text":"✅ <strong>Sin cables, sin límites<\/strong>","text_style":"body"}},"text_fbyPKt":{"type":"text","settings":{"text":"✅ <strong>Ligera, adiós cansancio<\/strong>","text_style":"body"}},"text_wJND8i":{"type":"text","settings":{"text":"✅ <strong>Batería duradera, más trabajo<\/strong>","text_style":"body"}},"text_xRAVmG":{"type":"text","settings":{"text":"✅ <strong>Para todos los rincones<\/strong>","text_style":"body"}},"price":{"type":"price","settings":{}},"variant_picker":{"type":"variant_picker","settings":{"picker_type":"button","swatch_shape":"circle"}},"quantity_selector":{"type":"quantity_selector","settings":{}},"icon_with_text_dnEgR4":{"type":"icon-with-text","settings":{"layout":"vertical","icon_1":"none","heading_1":"Incluso mi hijo adolescente puede ayudar con el jardín ahora. ¡Gracias por hacer un producto tan práctico.                  ⭐⭐⭐⭐⭐- Delia P., Santiago.","icon_2":"none","heading_2":"","icon_3":"none","heading_3":""}},"buy_buttons":{"type":"buy_buttons","disabled":true,"settings":{"show_dynamic_checkout":true,"show_gift_card_recipient":true}},"description":{"type":"description","settings":{}},"rating_hckycM":{"type":"rating","settings":{}},"share":{"type":"share","disabled":true,"settings":{"share_label":"Share"}}},"block_order":["vendor","title","text_TFXTdb","text_fbyPKt","text_wJND8i","text_xRAVmG","price","variant_picker","quantity_selector","icon_with_text_dnEgR4","buy_buttons","description","rating_hckycM","share"],"settings":{"enable_sticky_info":true,"color_scheme":"scheme-1","media_size":"medium","constrain_to_viewport":true,"media_fit":"contain","gallery_layout":"stacked","media_position":"left","image_zoom":"lightbox","mobile_thumbnails":"hide","hide_variants":true,"enable_video_looping":false,"padding_top":36,"padding_bottom":12}},"multicolumn_rBYpqP":{"type":"multicolumn","blocks":{"column_qcEjkn":{"type":"column","settings":{"image":"shopify:\/\/shop_images\/podadora_cesped_21v.webp","title":"<strong>Carla T., Valparaíso     <\/strong>⭐⭐⭐⭐⭐","text":"<p>Tenía dudas sobre la duración de la batería, pero logré podar todo mi jardín en una sola carga. Además, el tiempo de recarga es rápido y eficiente<\/p>","link_label":"","link":""}},"column_6LFMCb":{"type":"column","settings":{"image":"shopify:\/\/shop_images\/poda_cesepd.webp","title":"<strong>Patricia G., La Serena                                        <\/strong>⭐⭐⭐⭐⭐","text":"<p>Me encanta que sea tan ligera y fácil de transportar. Puedo llevarla a cualquier parte de mi jardín sin esfuerzo, y su rendimiento sigue siendo excelente.<\/p>","link_label":"","link":""}},"column_KLxU9x":{"type":"column","settings":{"title":"<strong>Mauricio C., Iquique                                        <\/strong>⭐⭐⭐⭐⭐","text":"<p>Estaba acostumbrado a usar podadoras a gasolina, pero esta recargable es igual de potente, mucho más silenciosa y sin el problema de cargar combustible. Una gran mejora<\/p>","link_label":"","link":""}},"column_U3JqCA":{"type":"column","settings":{"image":"shopify:\/\/shop_images\/podadora_21v.webp","title":"<strong>Tomás R., Concepción <\/strong>⭐⭐⭐⭐⭐","text":"<p>La podadora es muy fácil de usar y ligera. Yo no soy experto, pero me resultó súper cómoda, incluso en sesiones largas de poda.<\/p>","link_label":"","link":""}},"column_CBLJ93":{"type":"column","settings":{"image":"shopify:\/\/shop_images\/corta_cesped_46b2c050-7620-4b5f-ae61-1b5ffb1f0a12.webp","title":"<strong>Fernanda L., Viña del Mar             <\/strong>⭐⭐⭐⭐⭐","text":"<p>Al principio dudé por el precio, pero la calidad es excelente. La podadora se siente robusta y sigue funcionando perfectamente después de varios usos.<\/p>","link_label":"","link":""}},"column_ExAG6q":{"type":"column","settings":{"image":"shopify:\/\/shop_images\/podadora_tijera_cesped_21v.webp","title":"<strong>Javier P., Antofagasta  <\/strong>  ⭐⭐⭐⭐⭐","text":"<p>La he usado para podar setos y árboles pequeños en mi jardín, y funciona de maravilla. Definitivamente es una herramienta versátil y potente.<\/p>","link_label":"","link":""}},"column_PTtFPt":{"type":"column","settings":{"image":"shopify:\/\/shop_images\/podadora_recargable.webp","title":"<strong>Rodrigo M., Santiago<\/strong>","text":"<p>⭐⭐⭐⭐⭐<\/p><p>No esperaba que una podadora recargable fuera tan potente. Pude cortar ramas gruesas sin esfuerzo. Además, la batería dura lo suficiente para terminar el trabajo en una sola carga. ¡Excelente compra<\/p>","link_label":"","link":""}},"column_WJFCPG":{"type":"column","settings":{"title":"<strong>Laura S., Rancagua                                        <\/strong>⭐⭐⭐⭐⭐","text":"<p>No soy muy bueno con las herramientas, pero esta podadora es tan simple que cualquiera puede usarla. Es perfecta para principiantes y aficionados.<\/p>","link_label":"","link":""}},"column_zQ8km3":{"type":"column","settings":{"title":"<strong>Felipe R., Puerto Montt                                        <\/strong>⭐⭐⭐⭐⭐","text":"<p>La compré para mantener mi jardín, pero honestamente parece que fue podado por un profesional. Los resultados son perfectos y el manejo es súper fácil.<\/p>","link_label":"","link":""}}},"block_order":["column_qcEjkn","column_6LFMCb","column_KLxU9x","column_U3JqCA","column_CBLJ93","column_ExAG6q","column_PTtFPt","column_WJFCPG","column_zQ8km3"],"settings":{"title":"Reseñas de Clientes","heading_size":"h1","image_width":"full","image_ratio":"adapt","columns_desktop":3,"column_alignment":"left","background_style":"primary","button_label":"Ver Más","button_link":"","color_scheme":"","columns_mobile":"1","swipe_on_mobile":false,"padding_top":36,"padding_bottom":36}},"related-products":{"type":"related-products","settings":{"heading":"También le puede interesar","heading_size":"h2","products_to_show":4,"columns_desktop":4,"color_scheme":"scheme-1","image_ratio":"square","image_shape":"default","show_secondary_image":true,"show_vendor":false,"show_rating":false,"columns_mobile":"2","padding_top":36,"padding_bottom":28}}},"order":["main","multicolumn_rBYpqP","related-products"]}