{"sections":{"main":{"type":"main-product","blocks":{"vendor":{"type":"text","settings":{"text":"{{ product.vendor }}⭐⭐⭐⭐⭐ +4000 clientes satisfechos","text_style":"uppercase"}},"title":{"type":"title","settings":{}},"text_TFXTdb":{"type":"text","settings":{"text":"✅ <strong>Doble luz solar <\/strong>","text_style":"body"}},"text_fbyPKt":{"type":"text","settings":{"text":"✅ <strong>Resiste lluvia fuerte<\/strong>","text_style":"body"}},"text_wJND8i":{"type":"text","settings":{"text":"✅ <strong>Fácil instalación rápida<\/strong>","text_style":"body"}},"text_xRAVmG":{"type":"text","settings":{"text":"✅ <strong>Ahorro sin cables<\/strong>","text_style":"body"}},"text_N69zVt":{"type":"text","settings":{"text":"✅ <strong>Últimas se agotan<\/strong>","text_style":"body"}},"price":{"type":"price","settings":{}},"variant_picker":{"type":"variant_picker","settings":{"picker_type":"button","swatch_shape":"circle"}},"quantity_selector":{"type":"quantity_selector","settings":{}},"icon_with_text_dnEgR4":{"type":"icon-with-text","settings":{"layout":"vertical","icon_1":"none","heading_1":"Salvó mi noche en el apagón, 100% recomendado\"  Santiago                ⭐⭐⭐⭐⭐– María, Santiago.","icon_2":"none","heading_2":"","icon_3":"none","heading_3":""}},"buy_buttons":{"type":"buy_buttons","disabled":true,"settings":{"show_dynamic_checkout":true,"show_gift_card_recipient":true}},"description":{"type":"description","settings":{}},"rating_hckycM":{"type":"rating","settings":{}},"share":{"type":"share","disabled":true,"settings":{"share_label":"Share"}}},"block_order":["vendor","title","text_TFXTdb","text_fbyPKt","text_wJND8i","text_xRAVmG","text_N69zVt","price","variant_picker","quantity_selector","icon_with_text_dnEgR4","buy_buttons","description","rating_hckycM","share"],"settings":{"enable_sticky_info":true,"color_scheme":"scheme-1","media_size":"medium","constrain_to_viewport":true,"media_fit":"contain","gallery_layout":"stacked","media_position":"left","image_zoom":"lightbox","mobile_thumbnails":"hide","hide_variants":true,"enable_video_looping":false,"padding_top":36,"padding_bottom":12}},"multicolumn_rBYpqP":{"type":"multicolumn","blocks":{"column_PTtFPt":{"type":"column","settings":{"image":"shopify:\/\/shop_images\/lampara_solar_2_2eba9105-617b-40a7-b7a0-54278f58a7b3.webp","title":"<strong> – Carlos, Concepción<\/strong>","text":"<p>⭐⭐⭐⭐⭐<\/p><p>Alumbra más que mi foco viejo, increíble<\/p>","link_label":"","link":""}},"column_qcEjkn":{"type":"column","settings":{"image":"shopify:\/\/shop_images\/lampara_solar_3.webp","title":"<strong>– Ana, Temuco      <\/strong>⭐⭐⭐⭐⭐","text":"<p>Sobrevivieron la tormenta y siguen perfectas<\/p>","link_label":"","link":""}},"column_U3JqCA":{"type":"column","settings":{"image":"shopify:\/\/shop_images\/lampara_solar_4.webp","title":"<strong>– Luis, Viña del Mar<\/strong> ⭐⭐⭐⭐⭐","text":"<p>Pensé que era caro, pero vale cada peso <\/p>","link_label":"","link":""}},"column_CBLJ93":{"type":"column","settings":{"image":"shopify:\/\/shop_images\/lampara_solar_2.webp","title":"<strong>– Sofía, Rancagua               <\/strong>⭐⭐⭐⭐⭐","text":"<p>Las instalé sola en 5 minutos<\/p>","link_label":"","link":""}},"column_ExAG6q":{"type":"column","settings":{"title":"<strong>– María, Antofagasta.      <\/strong>    ⭐⭐⭐⭐⭐","text":"<p>Salvó mi noche en el apagón<\/p>","link_label":"","link":""}},"column_6LFMCb":{"type":"column","settings":{"title":"– <strong>Juan,<\/strong> <strong>Puerto Montt.                                          <\/strong>⭐⭐⭐⭐⭐","text":"<p>Son lo mejor<\/p>","link_label":"","link":""}}},"block_order":["column_PTtFPt","column_qcEjkn","column_U3JqCA","column_CBLJ93","column_ExAG6q","column_6LFMCb"],"settings":{"title":"Reseñas de Clientes","heading_size":"h1","image_width":"full","image_ratio":"adapt","columns_desktop":3,"column_alignment":"left","background_style":"primary","button_label":"Ver Más","button_link":"","color_scheme":"","columns_mobile":"1","swipe_on_mobile":false,"padding_top":36,"padding_bottom":36}},"related-products":{"type":"related-products","settings":{"heading":"También le puede interesar","heading_size":"h2","products_to_show":4,"columns_desktop":4,"color_scheme":"scheme-1","image_ratio":"square","image_shape":"default","show_secondary_image":true,"show_vendor":false,"show_rating":false,"columns_mobile":"2","padding_top":36,"padding_bottom":28}}},"order":["main","multicolumn_rBYpqP","related-products"]}